{
    "$schema": "https://schema.management.azure.com/schemas/2019-04-01/deploymentTemplate.json#",
    "contentVersion": "1.0.0.0",
    "parameters": {
        "FunctionName": {
            "defaultValue": "OneLoginLogs",
            "type": "String"
        }
    },
    "variables": {
    },
    "resources": [
        {
            "type": "Microsoft.KeyVault/vaults/accessPolicies",
            "apiVersion": "2016-10-01",
            "name": "[concat(parameters('FunctionName'), '/add')]",
            "properties": {
                "accessPolicies": [
                    {
                        "tenantId": "[subscription().tenantId]",
                        "objectId": "[reference(concat(resourceId('Microsoft.Web/sites', parameters('FunctionName')), '/providers/Microsoft.ManagedIdentity/Identities/default'), '2018-11-30').principalId]",
                        "permissions": {
                            "keys": [
                            ],
                            "secrets": [
                                "Get",
                                "List",
                                "Set",
                                "Delete",
                                "Recover",
                                "Backup",
                                "Restore"
                            ],
                            "certificates": [
                            ]
                        }
                    }
                ],
                "enabledForDeployment": false,
                "enabledForDiskEncryption": false,
                "enabledForTemplateDeployment": true
            }
        }
    ]
}